#날짜 : 2022/08/25
#이름 : 이석중
#내용 : 제4장 SQL 고급

#실습 4-1
create table `Member` (
	`uid`   varchar(10) primary key,
    `name`  varchar(10) not null,
    `hp`    char(13) unique not null,
    `pos`   varchar(10) default '사원',
    `dep`   tinyint,
    `rdate` datetime not null
);
create table `Department` (
	`depNo` tinyint primary key,
    `name`  varchar(10) not null,
    `tel`   char(12) not null
);
create table `Sales` (
	`seq`   int primary key auto_increment,
    `uid`   varchar(10) not null,
    `year`  year not null,
    `month` tinyint not null,
    `sale`  int not null
);

#실습 4-2
insert into `Member` values ('a101', '박혁거세', '010-1234-1001', '부장', 101, now());
insert into `Member` values ('a102', '김유신',  '010-1234-1002', '차장', 101, now());
insert into `Member` values ('a103', '김춘추',  '010-1234-1003', '사원', 101, now());
insert into `Member` values ('a104', '장보고',  '010-1234-1004', '대리', 102, now());
insert into `Member` values ('a105', '강감찬',  '010-1234-1005', '과장', 102, now());
insert into `Member` values ('a106', '이성계',  '010-1234-1006', '차장', 103, now());
insert into `Member` values ('a107', '정철',   '010-1234-1007', '차장', 103, now());
insert into `Member` values ('a108', '이순신',  '010-1234-1008', '부장', 104, now());
insert into `Member` values ('a109', '허균',   '010-1234-1009', '부장', 104, now());
insert into `Member` values ('a110', '정약용',  '010-1234-1010', '사원', 105, now());
insert into `Member` values ('a111', '박지원',  '010-1234-1011', '사원', 105, now());

insert into `Department` values (101, '영업1부',   '051-512-1001');
insert into `Department` values (102, '영업2부',   '051-512-1002');
insert into `Department` values (103, '영업3부',   '051-512-1003');
insert into `Department` values (104, '영업4부',   '051-512-1004');
insert into `Department` values (105, '영업5부',   '051-512-1005');
insert into `Department` values (106, '영업지원부', '051-512-1006');
insert into `Department` values (107, '인사부',    '051-512-1007');

insert into `Sales` (`uid`, `year`, `month`, `sale`) values ('a101', 2018, 1,  98100);
insert into `Sales` (`uid`, `year`, `month`, `sale`) values ('a102', 2018, 1, 136000);
insert into `Sales` (`uid`, `year`, `month`, `sale`) values ('a103', 2018, 1,  80100);
insert into `Sales` (`uid`, `year`, `month`, `sale`) values ('a104', 2018, 1,  78000);
insert into `Sales` (`uid`, `year`, `month`, `sale`) values ('a105', 2018, 1,  93000);

insert into `Sales` (`uid`, `year`, `month`, `sale`) values ('a101', 2018, 2,  23500);
insert into `Sales` (`uid`, `year`, `month`, `sale`) values ('a102', 2018, 2, 126000);
insert into `Sales` (`uid`, `year`, `month`, `sale`) values ('a103', 2018, 2,  18500);
insert into `Sales` (`uid`, `year`, `month`, `sale`) values ('a105', 2018, 2,  19000);
insert into `Sales` (`uid`, `year`, `month`, `sale`) values ('a106', 2018, 2,  53000);

insert into `Sales` (`uid`, `year`, `month`, `sale`) values ('a101', 2019, 1,  24000);
insert into `Sales` (`uid`, `year`, `month`, `sale`) values ('a102', 2019, 1, 109000);
insert into `Sales` (`uid`, `year`, `month`, `sale`) values ('a103', 2019, 1, 101000);
insert into `Sales` (`uid`, `year`, `month`, `sale`) values ('a104', 2019, 1,  53500);
insert into `Sales` (`uid`, `year`, `month`, `sale`) values ('a107', 2019, 1,  24000);

insert into `Sales` (`uid`, `year`, `month`, `sale`) values ('a102', 2019, 2, 160000);
insert into `Sales` (`uid`, `year`, `month`, `sale`) values ('a103', 2019, 2, 101000);
insert into `Sales` (`uid`, `year`, `month`, `sale`) values ('a104', 2019, 2,  43000);
insert into `Sales` (`uid`, `year`, `month`, `sale`) values ('a105', 2019, 2,  24000);
insert into `Sales` (`uid`, `year`, `month`, `sale`) values ('a106', 2019, 2, 109000);

insert into `Sales` (`uid`, `year`, `month`, `sale`) values ('a102', 2020, 1, 201000);
insert into `Sales` (`uid`, `year`, `month`, `sale`) values ('a104', 2020, 1,  63000);
insert into `Sales` (`uid`, `year`, `month`, `sale`) values ('a105', 2020, 1,  74000);
insert into `Sales` (`uid`, `year`, `month`, `sale`) values ('a106', 2020, 1, 122000);
insert into `Sales` (`uid`, `year`, `month`, `sale`) values ('a107', 2020, 1, 111000);

insert into `Sales` (`uid`, `year`, `month`, `sale`) values ('a102', 2020, 2, 120000);
insert into `Sales` (`uid`, `year`, `month`, `sale`) values ('a103', 2020, 2,  93000);
insert into `Sales` (`uid`, `year`, `month`, `sale`) values ('a104', 2020, 2,  84000);
insert into `Sales` (`uid`, `year`, `month`, `sale`) values ('a105', 2020, 2, 180000);
insert into `Sales` (`uid`, `year`, `month`, `sale`) values ('a108', 2020, 2,  76000);

#실습 4-3
select * from `Member` where `name` = '김유신';
select * from `Member` where `pos`='차장' and `dep`=101;
select * from `Member` where `pos`='차장' or `dep`=101;
select * from `Member` where `name` != '김춘추';
select * from `Member` where `name` <> '김춘추';
select * from `Member` where `pos`='사원' or `pos`='대리';
select * from `Member` where `pos` in('사원', '대리');
select * from `Member` where `dep` in(101, 102, 103);
select * from `Member` where `name` like '%신';
select * from `Member` where `name` like '김%';
select * from `Member` where `name` like '김__';
select * from `Member` where `name` like '_성_';
select * from `Member` where `name` like '정_';
select * from `Sales` where `sale` > 50000;
select * from `Sales` where `sale` >= 50000 and `sale` < 100000 and `month` = 1;
select * from `Sales` where `sale` between 50000 and 100000;
select * from `Sales` where `sale` not between 50000 and 100000;
select * from `Sales` where `year` in(2020);
select * from `Sales` where `month` in(1,2);

#실습 4-4
select * from `Sales` order by `sale`;
select * from `Sales` order by `sale` asc;
select * from `Sales` order by `sale` desc;
select * from `Member` order by `name`;
select * from `Member` order by `name` desc;
select * from `Member` order by `rdate` asc;
select * from `Sales` where `sale` order by `sale` desc;
select * from `Sales`
where `sale` > 50000
order by `year`, `month`, `sale` desc;

#실습 4-5
select * from `Sales` limit 3;
select * from `Sales` limit 0, 3;
select * from `Sales` limit 1, 2;
select * from `Sales` limit 5, 3;
select * from `Sales` order by `sale` desc limit 3, 5;
select * from `Sales` where `sale` < 50000 order by `sale` desc limit 3;
select * from `Sales`
where `sale` > 50000
order by `year` desc, `month`, `sale` desc
limit 5;

#실습 4-6
select sum(`sale`) as `매출총합` from `Sales`;
select count(`seq`) as `갯수` from `Sales`;
select substring(`hp`, 10, 4) as `휴대폰 끝자리` from `Member`;

insert into `Member` values ('b101', '을지문덕', '010-5555-1234', '사장', 107, now());

#실습 4-7
select sum(`sale`) as `2018년도 1월 매출 총합` from `Sales` where `year`=2018 and `month`=1;

#실습 4-8
select 
	sum(`sale`) as `총합`,
    avg(`sale`) as `평균`
from `Sales` where `sale`>50000 and `year`=2019 and `month`=2;

#실습 4-9
select 
	min(`sale`) as `최저`,
	max(`sale`) as `최고`
from `Sales` where `year`=2020;

#실습 4-10
select * from `Sales` group by `uid`;
select * from `Sales` group by `year`;
select * from `Sales` group by `uid`, `year`;
select `uid`, count(*) as `건수` from `Sales` group by `uid`;
select `uid`, sum(`sale`) as `합계` from `Sales` group by `uid`;
select `uid`, avg(`sale`) as `평균` from `Sales` group by `uid`;

select `uid`, `year`, sum(`sale`) as `합계`
from `Sales`
group by `uid`, `year`;

select `uid`, `year`, sum(`sale`) as `합계`
from `Sales`
group by `uid`, `year`
order by `year` asc, `합계` desc;

select `uid`, `year`, sum(`sale`) as `합계`
from `Sales`
where `sale` >= 50000
group by `uid`, `year`
order by `합계` desc;

#실습 4-11
select `uid`, sum(`sale`) as `합계` from `Sales`
group by `uid`
having `합계` >= 200000;

select `uid`, `year`, sum(`sale`) as `합계`
from `Sales`
where `sale` >= 100000
group by `uid`, `year`
having `합계` >= 200000
order by `합계` desc;

#실습 4-12
create table `Sales2` like `Sales`;
insert into `Sales2` select * from `Sales`;
update `Sales2` set `year` = `year` + 3;

select * from `Sales` union select * from `Sales2`;
(select * from `Sales`) union (select * from `Sales2`);

select `uid`, `year`, `sale` from `Sales`
union
select `uid`, `year`, `sale` from `Sales2`;

(select `uid`, `year`, sum(sale) as `합계`
from `Sales`
group by `uid`, `year`)
union
(select `uid`, `year`, sum(sale) as `합계`
from `Sales2`
group by `uid`, `year`
order by `year` asc, `합계` desc);

#실습 4-13
select * from `Sales` inner join `Member` on `Sales`.`uid` = `Member`.`uid`;
select * from `Member` inner join `Department` on `Member`.`dep` = `Department`.`depNo`;

select * from `Sales` as a join `Member` as b on a.uid = b.uid;
select * from `Member` as a join `Department` as b on a.dep = b.depNo;

select * from `Sales` as a, `Member` as b where a.uid = b.uid;
select * from `Member` as a, `Department` as b where a.dep = b.depNo;


select a.`seq`, a.`uid`, `sale`, `name`, `pos` from `Sales` as a
join `Member` as b on a.uid = b.uid;

select a.`seq`, a.`uid`, `sale`, `name`, `pos` from `Sales` as a
join `Member` as b using (`uid`);


select a.`seq`, a.`uid`, `sale`, `name`, `pos` from `Sales` as a
join `Member` as b on a.uid = b.uid
where `sale` >= 100000;

select a.`seq`, a.`uid`, b.`name`, b.`pos`, `year`, sum(`sale`) as `합계` from `Sales` as a
join `Member` as b on a.uid = b.uid
group by a.`uid`, a.`year` having `합계` >= 100000
order by a.`year` asc, `합계` desc;


select * from `Sales` as a
join `Member` as b on a.uid = b.uid
join `Department` as c on b.dep = c.depNo;

select a.`seq`, a.`uid`, b.`name`, b.`pos`, c.`name` from `Sales` as a
join `Member` as b on a.uid = b.uid
join `Department` as c on b.dep = c.depNo;

select a.`seq`, a.`uid`, b.`name`, b.`pos`, c.`name` from `Sales` as a
join `Member` as b on a.uid = b.uid
join `Department` as c on b.dep = c.depNo
where `sale` > 100000
order by `sale` desc;

#실습 4-14
select * from `Sales` as a left join `Member` as b on a.uid = b.uid;
select * from `Sales` as a right join `Member` as b on a.uid = b.uid;

select a.`seq`, a.`uid`, `sale`, `name`, `pos` from `Sales` as a
left join `Member` as b using(uid);

select a.`seq`, a.`uid`, `sale`, `name`, `pos` from `Sales` as a
right join `Member` as b using(uid);

#실습 4-15
select `uid`, a.`name`, `pos`, b.`name` from `Sales` as a
join `Member` as b on a.dep = b.depNo;

#실습 4-16
select sum(`sale`) as `2019 매출합` from `Sales` as a
join `Member` as b on a.uid = b.uid
where `name` = '김유신' and `year` = 2019;

#실습 4-17
select b.`name`, c.`name`, b.`pos`, a.`year`, sum(`sale`) as `매출합` from `Sales` as a
join `Member` b on a.uid = b.uid
join `Department` c on b.dep = c.depNo
where `year` = 2019 and `sale` >= 50000
group by a.`uid`
having `매출합` >= 100000
order by `매출합` desc;
